id,title,category,source,published_at,discovered_at,score,url,role,selected
0593ede637af,净利暴增186%！光库科技正在兑现AI算力红利,通信与算力,OFweek 光电频道,2026-08,2026-10-10T10:29:25.782587+00:00,100.0,https://optics.ofweek.com/2026-08/ART-8100-2500-30698997.html,行业媒体,True
3b55c4c9f798,工信部对我国网络强国建设提出四点建议,通信与算力,C114中国通信网_要闻精选,,2026-10-10T10:29:25.782587+00:00,95.0,http://www.c114.net/news/16/a997101.html,行业媒体,True
7dba5a6eccfc,长光华芯上半年营收3.91亿元 同比增长82.67%,产业与资本,C114中国通信网_通信财经,,2026-10-10T10:29:25.782587+00:00,95.0,https://www.c114.com.cn/news/123/a1316669.html,行业媒体,True
69d4fe8d57d5,广和通上半年营收37.78亿元增长1.92% 净利润同比下降71.63%,产业与资本,C114中国通信网_通信财经,,2026-10-10T10:29:25.782587+00:00,95.0,https://www.c114.com.cn/news/123/a1316478.html,行业媒体,True
f1f6e3bfdfe0,频准激光上半年营收2.56亿元增42.13% 净利润增24.58%,激光,C114中国通信网_通信财经,,2026-10-10T10:29:25.782587+00:00,95.0,https://www.c114.com.cn/news/123/a1316461.html,行业媒体,True
bd172a691de4,亨通光电上半年净利润31.2亿元 同比增长93.38%,产业与资本,C114中国通信网_通信财经,,2026-10-10T10:29:25.782587+00:00,95.0,https://www.c114.com.cn/news/123/a1316458.html,行业媒体,True
0a351ecff691,华工科技：2026年上半年，光互联业务营收38.03亿元,光通信,C114中国通信网_通信财经,,2026-10-10T10:29:25.782587+00:00,95.0,https://www.c114.com.cn/news/123/a1316431.html,行业媒体,True
d3907e48b539,光互联测试产品需求激增，联讯仪器上半年净利润同比增长903%,光通信,C114中国通信网_通信财经,,2026-10-10T10:29:25.782587+00:00,95.0,https://www.c114.com.cn/news/123/a1316416.html,行业媒体,True
e7f5d7f3da29,中科曙光上半年净利9.71亿元 同比增长33.31%,其他,C114中国通信网_通信财经,,2026-10-10T10:29:25.782587+00:00,95.0,https://www.c114.com.cn/news/123/a1316375.html,行业媒体,True
9a4ddfc09aee,铭普光磁上半年光通信业务同比增长5%,光通信,C114中国通信网_通信财经,,2026-10-10T10:29:25.782587+00:00,95.0,https://www.c114.com.cn/news/123/a1316190.html,行业媒体,True
0c9adeade3bf,光迅科技2026年上半年净利润5.82亿元，同比增长56.34%,产业与资本,C114中国通信网_通信财经,,2026-10-10T10:29:25.782587+00:00,95.0,https://www.c114.com.cn/news/123/a1315966.html,行业媒体,True
c7351d128f58,天孚通信2026年上半年净利润12.04亿元，同比增长33.92%,产业与资本,C114中国通信网_通信财经,,2026-10-10T10:29:25.782587+00:00,95.0,https://www.c114.com.cn/news/123/a1315895.html,行业媒体,True
c2ff31e9721e,光库科技2026年上半年净利润1.48亿元，同比增长186.09%,产业与资本,C114中国通信网_通信财经,,2026-10-10T10:29:25.782587+00:00,95.0,https://www.c114.com.cn/news/123/a1315809.html,行业媒体,True
442a7c8eaefe,工业和信息化部召开党组会议和干部大会 学习贯彻习近平总书记重要指示和全国先进制造业大会精神,其他,工信部要闻,,2026-10-10T10:29:25.782587+00:00,90.0,http://www.miit.gov.cn/xwfb/bldhd/art/2026/art_c6aff1cc2d094936aaca2f131389d3f8.html,媒体,True
3cd69358e6d7,三部门关于印发《轻工纺织产业发展“十五五”规划》的通知,产业与资本,工信部要闻,,2026-10-10T10:29:25.782587+00:00,90.0,http://www.miit.gov.cn/zwgk/zcwj/wjfb/tz/art/2026/art_9fb9b35709f941d4805d064092032bd0.html,媒体,True
ae4686f6eb52,工业和信息化部等五部门关于组织开展2026年度国家绿色算力设施推荐工作的通知,通信与算力,工信部要闻,,2026-10-10T10:29:25.782587+00:00,90.0,http://www.miit.gov.cn/zwgk/zcwj/wjfb/tz/art/2026/art_37e463f44fbd44ed9b0fdf4833c3aacd.html,媒体,True
0561844c45ee,工业和信息化部等十部门关于印发《医药工业发展“十五五”规划》的通知,其他,工信部要闻,,2026-10-10T10:29:25.782587+00:00,90.0,http://www.miit.gov.cn/zwgk/zcwj/wjfb/tz/art/2026/art_9463adac4db040159f6cbf482675eeea.html,媒体,True
35411c9eb5d8,两部门关于印发《电子信息制造业发展“十五五”规划》的通知,其他,工信部要闻,,2026-10-10T10:29:25.782587+00:00,90.0,http://www.miit.gov.cn/zwgk/zcwj/wjfb/tz/art/2026/art_f4864217588b44c489d58da20de766c8.html,媒体,True
8461a47e55db,工业和信息化部等九部门关于印发《智能网联新能源汽车产业发展“十五五”规划》的通知,产业与资本,工信部要闻,,2026-10-10T10:29:25.782587+00:00,90.0,http://www.miit.gov.cn/zwgk/zcwj/wjfb/tz/art/2026/art_47e6f99ffbe945279ef3ffd23c5b3631.html,媒体,True
8b5a108b2efb,工业和信息化部举行新闻发布会 介绍智能网联新能源汽车产业高质量发展情况,产业与资本,工信部要闻,,2026-10-10T10:29:25.782587+00:00,90.0,https://www.miit.gov.cn/xwfb/xwfbh/bxwfbh/art/2026/art_05c4683ad9ee4c3c880485f7a8873601.html,媒体,True
b8c2c1889da5,工业和信息化部举行《“人工智能+软件”专项行动实施方案》新闻发布会,产业与资本,工信部要闻,,2026-10-10T10:29:25.782587+00:00,90.0,https://www.miit.gov.cn/xwfb/xwfbh/bxwfbh/art/2026/art_95c0b992336a4cb1b87ec3ccc576a669.html,媒体,True
154e92bc034e,工业和信息化部介绍全力抓好“十五五”规划实施、加快推进新型工业化有关情况,其他,工信部要闻,,2026-10-10T10:29:25.782587+00:00,90.0,http://www.miit.gov.cn/xwfb/bldhd/art/2026/art_934ddb14d33e4cd5b787d88a15c5c0eb.html,媒体,True
ec436269b212,[News] Coherent Launches PhotonLink™ Integrated Optics Platform for AI Infrastructure,光学元件与成像,LEDinside 英文,2026-10-07T22:55:19+00:00,2026-10-10T10:29:25.782587+00:00,87.9,//www.ledinside.com/news/2026/10/2026_10_08_03,行业媒体,True
92293ea8ffe6,自动驾驶激光雷达应如何进行标定？,激光,OFweek 激光频道,2026-04,2026-10-10T10:29:25.782587+00:00,87.5,https://laser.ofweek.com/2026-04/ART-240002-8140-30685436.html,行业媒体,True
cb1caad6b2bb,自动驾驶中激光雷达搭载越多融合越困难吗？,激光,OFweek 激光频道,2026-04,2026-10-10T10:29:25.782587+00:00,87.5,https://laser.ofweek.com/2026-04/ART-240002-8140-30685550.html,行业媒体,True
a7b2828ec846,自动驾驶激光雷达无法识别反光背心吗？,激光,OFweek 激光频道,2026-04,2026-10-10T10:29:25.782587+00:00,87.5,https://laser.ofweek.com/2026-04/ART-240002-8140-30684861.html,行业媒体,True
6d5041039a3c,自动驾驶激光雷达中的角分辨率决定了什么？,激光,OFweek 激光频道,2026-04,2026-10-10T10:29:25.782587+00:00,87.5,https://laser.ofweek.com/2026-04/ART-240015-8140-30684289.html,行业媒体,True
e7626f549537,高线束激光雷达对自动驾驶的能力有何提升？,激光,OFweek 激光频道,2026-03,2026-10-10T10:29:25.782587+00:00,87.5,https://laser.ofweek.com/2026-03/ART-8140-2400-30683964.html,行业媒体,True
6b3f87aa9ad1,Strong coupling of photon to an electron on helium,科研进展,Nature Photonics,2026-09-30T00:00:00+00:00,2026-10-10T10:29:25.782587+00:00,86.3,https://www.nature.com/articles/s41566-026-02018-7,科研,True
6c7474cece92,Delaying light from quantum dots,科研进展,Nature Photonics,2026-09-30T00:00:00+00:00,2026-10-10T10:29:25.782587+00:00,86.3,https://www.nature.com/articles/s41566-026-02015-w,科研,True
e1ff0f93171b,构建开源开放人才生态，夯实产业自主根基｜2026华为ICT学院年会圆满举办,产业与资本,C114中国通信网_设备商,,2026-10-10T10:29:25.782587+00:00,85.0,https://www.c114.com.cn/news/126/a1318114.html,行业媒体,True
8ff7b164fef6,华为全联接大会2026全光峰会举办，F5G-A全光网加速AI普惠千行万业,产业与资本,C114中国通信网_设备商,,2026-10-10T10:29:25.782587+00:00,85.0,https://www.c114.com.cn/news/126/a1318100.html,行业媒体,True
bdebe0135d06,光智共融，加速AI园区建设：华为携手产业各方共探F5G-A全光园区新实践,产业与资本,C114中国通信网_设备商,,2026-10-10T10:29:25.782587+00:00,85.0,https://www.c114.com.cn/news/126/a1318075.html,行业媒体,True
f243b636cbf5,华为ICT服务与软件发布五大新解决方案暨服务智能化升维的O3平台，使能行业智启新未来,产业与资本,C114中国通信网_设备商,,2026-10-10T10:29:25.782587+00:00,85.0,https://www.c114.com.cn/news/126/a1318004.html,行业媒体,True
62e8d5e6dbd7,华为全联接大会2026丨鲲鹏携手伙伴深化硬件开放与生态繁荣，共启算力产业新征程,产业与资本,C114中国通信网_设备商,,2026-10-10T10:29:25.782587+00:00,85.0,https://www.c114.com.cn/news/126/a1317999.html,行业媒体,True
90540edde902,华为全联接大会2026 | 鲲鹏 为更先进的数智世界而计算,其他,C114中国通信网_设备商,,2026-10-10T10:29:25.782587+00:00,85.0,https://www.c114.com.cn/news/126/a1317961.html,行业媒体,True
0bedbb08d1d5,工信部等四部门：到2035年，全面建成新型互联网基础设施,其他,C114中国通信网_监管,,2026-10-10T10:29:25.782587+00:00,85.0,https://www.c114.com.cn/news/550/a1313800.html,行业媒体,True
1d38c77d1d80,工信部、国资委启动2026年度人形机器人与具身智能实景实训专项行动,其他,C114中国通信网_监管,,2026-10-10T10:29:25.782587+00:00,85.0,https://www.c114.com.cn/news/550/a1311872.html,行业媒体,True
e1545edd4bb7,工信部全面开展算力态势感知自动化监测工作,通信与算力,C114中国通信网_监管,,2026-10-10T10:29:25.782587+00:00,85.0,https://www.c114.com.cn/news/550/a1304689.html,行业媒体,True
a9c88baa97ba,工信部：加快制造业中试建设 布局AI、量子科技等关键领域,科研进展,C114中国通信网_监管,,2026-10-10T10:29:25.782587+00:00,85.0,https://www.c114.com.cn/news/550/a1300198.html,行业媒体,True
4aa35ec0cf87,工信部：2027年基本建成全域覆盖、高效畅通的城域毫秒级算力网络体系,通信与算力,C114中国通信网_监管,,2026-10-10T10:29:25.782587+00:00,85.0,https://www.c114.com.cn/news/550/a1298868.html,行业媒体,True
8537937955ce,工信部等七部门：按需布局算力基础设施 加速算力与行业融合应用,通信与算力,C114中国通信网_监管,,2026-10-10T10:29:25.782587+00:00,85.0,https://www.c114.com.cn/news/550/a1298426.html,行业媒体,True
a0f5555c673c,"Quantum chip holds multiple photons at once, opening path to scalable memory",光电芯片与半导体,Phys.org 物理新闻,,2026-10-10T10:29:25.782587+00:00,80.0,https://phys.org/news/2026-10-quantum-chip-multiple-photons-path.html,科研,True
62c99546f447,"Light reads electron spins inside porous crystals, opening path to quantum chemical sensors",科研进展,Phys.org 物理新闻,,2026-10-10T10:29:25.782587+00:00,80.0,https://phys.org/news/2026-10-electron-porous-crystals-path-quantum.html,科研,True
172584d30812,Ultrafast core-level spectroscopy reveals elusive precursors of exciton condensation in quantum materials,科研进展,Phys.org 物理新闻,,2026-10-10T10:29:25.782587+00:00,80.0,https://phys.org/news/2026-08-ultrafast-core-spectroscopy-reveals-elusive.html,科研,True
2356c4358c08,Superconducting circuit links smaller photon groups into larger entangled states,科研进展,Phys.org 物理新闻,,2026-10-10T10:29:25.782587+00:00,80.0,https://phys.org/news/2026-10-superconducting-circuit-links-smaller-photon.html,科研,True
69f5afaf74c7,Layered semiconductor unlocks magnetic control of light emitted by quantum condensates,光电芯片与半导体,Phys.org 物理新闻,,2026-10-10T10:29:25.782587+00:00,80.0,https://phys.org/news/2026-10-layered-semiconductor-magnetic-emitted-quantum.html,科研,True
1c8b047260ce,Ultrashort laser pulses let new microscope map electron interactions across thin materials,激光,Phys.org 物理新闻,,2026-10-10T10:29:25.782587+00:00,80.0,https://phys.org/news/2026-10-ultrashort-laser-pulses-microscope-electron.html,科研,True
456223ee56c4,"One quantum material, two superconducting states: Stretching helps explain conflicting experiments",科研进展,Phys.org 物理新闻,,2026-10-10T10:29:25.782587+00:00,80.0,https://phys.org/news/2026-10-quantum-material-superconducting-states-conflicting.html,科研,True
dc11780b29e9,X-ray technique reveals how quantum materials respond to laser pulses in real time,激光,Phys.org 物理新闻,,2026-10-10T10:29:25.782587+00:00,80.0,https://phys.org/news/2026-10-ray-technique-reveals-quantum-materials.html,科研,True
552b62c62730,"Heavy fermions emerge at an atomic-layer interface, unlocking new ways to design quantum materials",科研进展,Phys.org 物理新闻,,2026-10-10T10:29:25.782587+00:00,80.0,https://phys.org/news/2026-10-heavy-fermions-emerge-atomic-layer.html,科研,True
d1c5455423ce,融资20亿、供货中际旭创，这家光器件公司IPO了！,产业与资本,OFweek 光电频道,2026-08,2026-10-10T10:29:25.782587+00:00,80.0,https://optics.ofweek.com/2026-08/ART-8100-2500-30699180.html,行业媒体,True
591a5abf3b3e,液冷板激光焊接，智启AI算力“散热革命”新引擎,激光,OFweek 激光频道,2026-09,2026-10-10T10:29:25.782587+00:00,80.0,https://laser.ofweek.com/2026-09/ART-8200-2400-30703863.html,行业媒体,True
8c2f50ef6fe4,打造“冷静”的 AI 算力中心：激光焊接检测助力液冷散热高质量制造,激光,OFweek 激光频道,2026-06,2026-10-10T10:29:25.782587+00:00,80.0,https://laser.ofweek.com/2026-06/ART-240015-8230-30689718.html,行业媒体,True
9bd21e8c07b0,大招齐发，英特尔直击网络转型,通信与算力,C114中国通信网_要闻精选,,2026-10-10T10:29:25.782587+00:00,77.5,http://www.c114.com.cn/topic/5096/a996852.html?utm_medium=C114&dclid=CLmNp8bEwdICFRwhKgodT4YHqQ,行业媒体,True
bd6510b7d1b3,对话英特尔：产业协作与标准化助推5G成功,产业与资本,C114中国通信网_要闻精选,,2026-10-10T10:29:25.782587+00:00,77.5,http://www.c114.net/news/138/a996926.html,行业媒体,True
fec6dba9c1c2,英特尔助力电信网络转型 让5G不再是“看上去很美”,通信与算力,C114中国通信网_要闻精选,,2026-10-10T10:29:25.782587+00:00,77.5,http://www.c114.net/topic/5096/a996887.html,行业媒体,True
e352f919e837,2026年中国国际信息通信展览会在京开幕,通信与算力,工信部要闻,,2026-10-10T10:29:25.782587+00:00,77.5,https://www.miit.gov.cn/xwfb/bldhd/art/2026/art_2fc0c942477d4a2694137f8fe8d17f47.html,媒体,True
be9030bcddff,西藏信息通信行业扎实开展2026年国家网络安全宣传周“电信日”主题活动,通信与算力,工信部要闻,,2026-10-10T10:29:25.782587+00:00,77.5,https://www.miit.gov.cn/xwfb/gxdt/dfdt/art/2026/art_9480b1fd112441f59819ea0a8a86a733.html,媒体,True
817bb1a8f6d3,甘肃信息通信行业国家网络安全宣传周“电信日”活动正式启动,通信与算力,工信部要闻,,2026-10-10T10:29:25.782587+00:00,77.5,https://www.miit.gov.cn/xwfb/gxdt/dfdt/art/2026/art_8fa90ffc230247469fe859780d627c5d.html,媒体,True
3d681d6927bd,"10月车市大变样,激光雷达杀入十五万级,咱兜里两万到底怎么花?",激光,搜狗微信·光电行业 · 轮上的情书,2026-10-10T08:21:23+00:00,2026-10-10T10:29:25.782587+00:00,77.4,https://weixin.sogou.com/link?url=dn9a_-gY295K0Rci_xozVXfdMkSQTLW6cwJThYulHEtVjXrGTiVgS_Tqzsx9GsZgnM9ADH1ztH_N_eLDhkV10lqXa8Fplpd9qrXGyz-WvYqo5wClG5C9gbvpGhIoESngHltpZtRMFmDyOefdgJ2UCUcElJ6bC-4IrNSeSuxC-ZbeYz1v2x7bwmuy9nd3LiO36cQBGgBvOCoLkM12trCYMlPkmyQGDhygJrvTJfxzUj0iS73PP2lHfin4e5PzrnFsQTBrldVJA7RflztgI7RZ1g..&amp;type=2&amp;query=%E6%BF%80%E5%85%89%E9%9B%B7%E8%BE%BE&amp;token=F33215D78D82429CA7AEFADE47A383C7A88074A96ACA1380,媒体,True
24113d79e5f4,"车圈价格战杀疯了,激光雷达成标配,你的钱包准备好了吗?",激光,搜狗微信·光电行业 · 轮上的情书,2026-10-10T08:21:23+00:00,2026-10-10T10:29:25.782587+00:00,77.4,https://weixin.sogou.com/link?url=dn9a_-gY295K0Rci_xozVXfdMkSQTLW6cwJThYulHEtVjXrGTiVgS_Tqzsx9GsZgnM9ADH1ztH_N_eLDhkV10lqXa8Fplpd9qrXGyz-WvYqo5wClG5C9gbvpGhIoESngHltpZtRMFmDyOefdgJ2UCVKQInVahiz8YkpPeiRJzWgh-33AaOdbG6X5oDG6-caqomNHsUSlPU6pCtQK8iahQhT2wfYEfGnY220FOC0_cC6MIX04RhfVrlEJf32jOsqC7GWJtL66_m-FW6cwuUnkdA..&amp;type=2&amp;query=%E6%BF%80%E5%85%89%E9%9B%B7%E8%BE%BE&amp;token=F33215D78D82429CA7AEFADE47A383C7A88074A96ACA1380,媒体,True
0b0c57d772fa,"国庆后车市杀疯了,混动装激光雷达纯电破千,普通家庭该怎么选?",激光,搜狗微信·光电行业 · 八十一间,2026-10-10T08:22:04+00:00,2026-10-10T10:29:25.782587+00:00,77.4,https://weixin.sogou.com/link?url=dn9a_-gY295K0Rci_xozVXfdMkSQTLW6cwJThYulHEtVjXrGTiVgS_Tqzsx9GsZgnM9ADH1ztH_N_eLDhkV10lqXa8Fplpd92HlMZeswq6oEFeWlMRytNaJMP4Fa_euiCtBGJ8SV42AWmXYDoGGWNSpH-hmeIwI7TsNIyEyC14HJ6uvWIaterq-k58TiP-jxjqWn9gOHyoGayVK38DhVlMGccO8WtDfluSSQye6viUDHiSc_5pV3JhP_fuHtuazrEUxfreaLUsfuL0unUdKkuw..&amp;type=2&amp;query=%E6%BF%80%E5%85%89%E9%9B%B7%E8%BE%BE&amp;token=F33215D78D82429CA7AEFADE47A383C7A88074A96ACA1380,媒体,True
97f131fb3855,"1600km+激光雷达!大众新车官宣:10月12日,正式登场",激光,搜狗微信·光电行业 · 孔家小女孩,2026-10-10T02:59:15+00:00,2026-10-10T10:29:25.782587+00:00,77.2,https://weixin.sogou.com/link?url=dn9a_-gY295K0Rci_xozVXfdMkSQTLW6cwJThYulHEtVjXrGTiVgS_Tqzsx9GsZgnM9ADH1ztH_N_eLDhkV10lqXa8Fplpd9yKD8wt2IJMZlovg61j0UgP1QysiWMRYUmTUyV5KPB_9ybbDbTd7W0Ol5GUBQctppgdy7gM_PUW3SPhtve7C8CageklVlyUtIc_U4cCj9FkXFYDEzaKwnHponyBYHsE4ymyevxfL-CbOsWGTm98rFbdHTL3p2B6MJ-6HXMBklpaFCy6umSSPEsg..&amp;type=2&amp;query=%E6%BF%80%E5%85%89%E9%9B%B7%E8%BE%BE&amp;token=F33215D78D82429CA7AEFADE47A383C7A88074A96ACA1380,媒体,True
1caf769b4372,"激光雷达,前后独立悬架,买新车的再等等!",激光,搜狗微信·光电行业 · 汽车之家,2026-10-10T00:01:11+00:00,2026-10-10T10:29:25.782587+00:00,77.1,https://weixin.sogou.com/link?url=dn9a_-gY295K0Rci_xozVXfdMkSQTLW6cwJThYulHEtVjXrGTiVgS_Tqzsx9GsZgnM9ADH1ztH_N_eLDhkV10lqXa8Fplpd9OmgoPKkCeuvDk8ui2gxEQVa8-dAglqStwGzLjknPRauDd8Rn2cDDSygnYA2oDCoalReb3hDVk7sZOhYNPQ1KsmKSKI2J7ixIh8pgjnFKQeSaOixDBn3WNVEMHwa2j8BpLJVrUc-sR09PEAf8JAQwfJDGimtV9SxvLIl4dAW7yGOAFV_3u-a3OQ..&amp;type=2&amp;query=%E6%BF%80%E5%85%89%E9%9B%B7%E8%BE%BE&amp;token=F33215D78D82429CA7AEFADE47A383C7A88074A96ACA1380,媒体,True
6064992b0bf1,两会关注：提速降费步伐加快，三大运营商打出全新组合拳,通信与算力,C114中国通信网_要闻精选,,2026-10-10T10:29:25.782587+00:00,75.0,http://www.c114.net/news/16/a997421.html,行业媒体,True
2f7b633b5247,中国电信六大新举措持续推进提速降费,通信与算力,C114中国通信网_要闻精选,,2026-10-10T10:29:25.782587+00:00,75.0,http://www.c114.net/news/117/a997412.html,行业媒体,True
9ae13c8b2c7e,MWC 2017大连接雏形显现：产业链各方合作更紧密,产业与资本,C114中国通信网_要闻精选,,2026-10-10T10:29:25.782587+00:00,75.0,http://www.c114.net/news/16/a996936.html,行业媒体,True
746747bf8a04,MWC 2017之无线篇：设备商5G竞赛正式打响,通信与算力,C114中国通信网_要闻精选,,2026-10-10T10:29:25.782587+00:00,75.0,http://www.c114.net/news/16/a996704.html,行业媒体,True
6c080b9384aa,中际旭创上半年营收417.78亿元，同比增长182.49%,产业与资本,C114中国通信网_通信财经,,2026-10-10T10:29:25.782587+00:00,75.0,https://www.c114.com.cn/news/123/a1316157.html,行业媒体,True
d88b090ebf19,面向超节点+集群，华为多维探索Agentic计算,其他,C114中国通信网_设备商,,2026-10-10T10:29:25.782587+00:00,75.0,https://www.c114.com.cn/news/126/a1318036.html,行业媒体,True
aed34c17abb7,华为汪涛：把NPO“种”进超节点，加速大模型向十万亿参数规模迈进,通信与算力,C114中国通信网_设备商,,2026-10-10T10:29:25.782587+00:00,75.0,https://www.c114.com.cn/news/126/a1318027.html,行业媒体,True
6f7636ab20f0,融资数千万！元曦光子能否跨过超表面量产生死线？,产业与资本,OFweek 光电频道,2026-10,2026-10-10T10:29:25.782587+00:00,75.0,https://optics.ofweek.com/2026-10/ART-8100-2500-30705901.html,行业媒体,True
13a31fa3ddfe,手机市场大混战: 谁在重新定义影像战争？,其他,OFweek 光电频道,2026-10,2026-10-10T10:29:25.782587+00:00,75.0,https://optics.ofweek.com/2026-10/ART-250003-8420-30706440.html,行业媒体,True
ecfe82f20358,多国集中限制智能眼镜：禁令变了，警惕三种出海风险,显示与面板,OFweek 光电频道,2026-10,2026-10-10T10:29:25.782587+00:00,75.0,https://optics.ofweek.com/2026-10/ART-250003-8420-30706404.html,行业媒体,True
41aa88c65d85,华为Mate 90 Pro Max体验：影像超能打，鸿蒙生态是一大亮点,其他,OFweek 光电频道,2026-10,2026-10-10T10:29:25.782587+00:00,75.0,https://optics.ofweek.com/2026-10/ART-250003-8330-30706393.html,行业媒体,True
caca3cdfe65e,圆孔、方孔、双缝: 衍射与干涉的三种“光学指纹”,光学元件与成像,OFweek 光电频道,2026-10,2026-10-10T10:29:25.782587+00:00,75.0,https://optics.ofweek.com/2026-10/ART-250002-11000-30706382.html,行业媒体,True
c21409a63d0d,涉案金额达2010.85万！这一光学企业涉嫌走私国家禁止进出口货物罪,光学元件与成像,OFweek 光电频道,2026-10,2026-10-10T10:29:25.782587+00:00,75.0,https://optics.ofweek.com/2026-10/ART-8100-2500-30706214.html,行业媒体,True
51ed07e56b56,光学巨头换帅：业绩承压期的交接与挑战,光学元件与成像,OFweek 光电频道,2026-10,2026-10-10T10:29:25.782587+00:00,75.0,https://optics.ofweek.com/2026-10/ART-8100-2500-30706215.html,行业媒体,True
e88c5378b9cd,4G 智能照明模块选型、部署及常见问题,其他,OFweek 光电频道,2026-10,2026-10-10T10:29:25.782587+00:00,75.0,https://optics.ofweek.com/2026-10/ART-250002-8210-30706185.html,行业媒体,True
0c672972ad04,光波导路线选择与性能优化: 集成商必须答对的四道题,光学元件与成像,OFweek 光电频道,2026-10,2026-10-10T10:29:25.782587+00:00,75.0,https://optics.ofweek.com/2026-10/ART-250002-11000-30706149.html,行业媒体,True
5c0e9684f57c,千问N1 Pro、Wigain Flow加码眼部感知，AI眼镜补齐个人上下文入口,显示与面板,OFweek 光电频道,2026-10,2026-10-10T10:29:25.782587+00:00,75.0,https://optics.ofweek.com/2026-10/ART-250003-8110-30706063.html,行业媒体,True
13f3b3458439,一量产就“死”？供应链角度看微型光机的价格困局,其他,OFweek 光电频道,2026-10,2026-10-10T10:29:25.782587+00:00,75.0,https://optics.ofweek.com/2026-10/ART-250003-8420-30706048.html,行业媒体,True
fcc8e39d93c3,降维打击！Meta和依视路陆逊梯卡为什么同时做助听眼镜？,显示与面板,OFweek 光电频道,2026-10,2026-10-10T10:29:25.782587+00:00,75.0,https://optics.ofweek.com/2026-10/ART-250003-12003-30706043.html,行业媒体,True
2363776dbeb8,带着iPhone 18 Pro Max拍维港烟花秀后，我发现苹果影像思路彻底变了,其他,OFweek 光电频道,2026-10,2026-10-10T10:29:25.782587+00:00,75.0,https://optics.ofweek.com/2026-10/ART-250003-8330-30705981.html,行业媒体,True
bf24a7a9b0f0,年产100万片产能！中腾华盛超精密高性能光学薄膜项目试投产,光学元件与成像,OFweek 光电频道,2026-10,2026-10-10T10:29:25.782587+00:00,75.0,https://optics.ofweek.com/2026-10/ART-8100-2500-30705900.html,行业媒体,True
a28716fc88ed,欧菲光独家供应华为Pura 90 Pro系列主摄与2亿潜望长焦,其他,OFweek 光电频道,2026-10,2026-10-10T10:29:25.782587+00:00,75.0,https://optics.ofweek.com/2026-10/ART-250003-8460-30705856.html,行业媒体,True
9a4a7f531ffb,眼动追踪是怎么“读懂”你在看哪里的 ？,其他,OFweek 光电频道,2026-10,2026-10-10T10:29:25.782587+00:00,75.0,https://optics.ofweek.com/2026-10/ART-250002-11000-30705835.html,行业媒体,True
34fb98d798b2,光的偏振: 横波世界的“方向感”,其他,OFweek 光电频道,2026-10,2026-10-10T10:29:25.782587+00:00,75.0,https://optics.ofweek.com/2026-10/ART-250002-11000-30705630.html,行业媒体,True
4865f86f1ef2,偏振片、波片与偏振光路布局：偏振光学系统设计的核心逻辑,光学元件与成像,OFweek 光电频道,2026-10,2026-10-10T10:29:25.782587+00:00,75.0,https://optics.ofweek.com/2026-10/ART-250001-11000-30705627.html,行业媒体,True
a88b4c4d3f5f,宇瞳光学阵列模压C-Lens实现千万级月产交付！,光学元件与成像,OFweek 光电频道,2026-09,2026-10-10T10:29:25.782587+00:00,75.0,https://optics.ofweek.com/2026-09/ART-8100-2500-30705512.html,行业媒体,True
003c652a435f,58%毛利为何换不来增长？光学小巨人IPO,光学元件与成像,OFweek 光电频道,2026-09,2026-10-10T10:29:25.782587+00:00,75.0,https://optics.ofweek.com/2026-09/ART-8100-2500-30705513.html,行业媒体,True
eb6e7a7fc5ec,【洞察】黑光光电镊可用于抗体药物研发过程中 芯珖生物为我国代表企业,其他,OFweek 光电频道,2026-09,2026-10-10T10:29:25.782587+00:00,75.0,https://optics.ofweek.com/2026-09/ART-250003-8420-30705469.html,行业媒体,True
8ee77af9735f,加码高端镀膜装备！蓝盾光电拟收购岚创科技控股权,产业与资本,OFweek 光电频道,2026-08,2026-10-10T10:29:25.782587+00:00,75.0,https://optics.ofweek.com/2026-08/ART-8100-2500-30698386.html,行业媒体,True
bfa63415d62b,亏损25亿却遭抢筹？联创电子控制权再博弈,其他,OFweek 光电频道,2026-07,2026-10-10T10:29:25.782587+00:00,75.0,https://optics.ofweek.com/2026-07/ART-8100-2500-30695665.html,行业媒体,True
20846ce87a81,大幅面厚板，全自动切割！FLY系列自动上下料板材激光切割自动化方案,激光,OFweek 激光频道,2026-09,2026-10-10T10:29:25.782587+00:00,75.0,https://laser.ofweek.com/2026-09/ART-8200-2400-30703245.html,行业媒体,True
b264224fa0c1,8月激光雷达 | 禾赛华为只差65颗，52.5万颗车载激光雷达后第二曲线浮出水面,激光,OFweek 激光频道,2026-09,2026-10-10T10:29:25.782587+00:00,75.0,https://laser.ofweek.com/2026-09/ART-240001-12003-30705420.html,行业媒体,True
3e21d9131f30,森峰激光IPO获北交所注册批文,激光,OFweek 激光频道,2026-09,2026-10-10T10:29:25.782587+00:00,75.0,https://laser.ofweek.com/2026-09/ART-240001-12003-30705132.html,行业媒体,True
55f95d9825bc,深度丨国内激光雷达三强重排业务重心，增长逻辑开始分化,激光,OFweek 激光频道,2026-09,2026-10-10T10:29:25.782587+00:00,75.0,https://laser.ofweek.com/2026-09/ART-240001-12003-30704890.html,行业媒体,True
db0c62d13f92,【每日科创】柏楚电子：毛利率接近80%的隐形冠军,其他,OFweek 激光频道,2026-09,2026-10-10T10:29:25.782587+00:00,75.0,https://laser.ofweek.com/2026-09/ART-240002-12002-30703952.html,行业媒体,True
e60491cfc953,森峰激光闯注册关，7成收入靠海外，背负对赌的李峰西夫妇背水一战,激光,OFweek 激光频道,2026-09,2026-10-10T10:29:25.782587+00:00,75.0,https://laser.ofweek.com/2026-09/ART-240001-12003-30703679.html,行业媒体,True
a35cbcf5e46d,钣金加工技术的小宇宙！年度行业盛会，倒计时25天,其他,OFweek 激光频道,2026-09,2026-10-10T10:29:25.782587+00:00,75.0,https://laser.ofweek.com/2026-09/ART-8100-2400-30703647.html,行业媒体,True
e5b31a1c24f2,天狼星激光器问世 解决锂电加工难题,激光,OFweek 激光频道,2022-05,2026-10-10T10:29:25.782587+00:00,75.0,https://laser.ofweek.com/2022-05/ART-8110-2400-30560775.html,行业媒体,True
3dc0b685ed35,英飞凌卫星雷达ART架构，能去掉MCU核吗？,光传感与激光雷达,OFweek 激光频道,2026-06,2026-10-10T10:29:25.782587+00:00,75.0,https://laser.ofweek.com/2026-06/ART-240001-8330-30692048.html,行业媒体,True
3dac2b6e7340,创新突破｜光纤可插拔式1470nm光源：重塑精准激光除草新范式,激光,OFweek 激光频道,2026-06,2026-10-10T10:29:25.782587+00:00,75.0,https://laser.ofweek.com/2026-06/ART-8200-2400-30689724.html,行业媒体,True
b4272abe7e7a,特域CWUP-05THS高精度小型冷水机：这么小，那么稳！,其他,OFweek 激光频道,2026-06,2026-10-10T10:29:25.782587+00:00,75.0,https://laser.ofweek.com/2026-06/ART-8200-2400-30689326.html,行业媒体,True
d705c27df698,拥有400多家光子学企业，加拿大如何“做大做强”生态圈？,其他,OFweek 激光频道,2024-03,2026-10-10T10:29:25.782587+00:00,75.0,https://laser.ofweek.com/2024-03/ART-8500-2400-30628190.html,行业媒体,True
84671bd90137,乘风破“卷”！2023年激光国货出海按下“加速键”,激光,OFweek 激光频道,2024-01,2026-10-10T10:29:25.782587+00:00,75.0,https://laser.ofweek.com/2024-01/ART-8500-2400-30621831.html,行业媒体,True
82720c0f04d3,深度观察：超快激光在材料科学中的应用,激光,OFweek 激光频道,2023-11,2026-10-10T10:29:25.782587+00:00,75.0,https://laser.ofweek.com/2023-11/ART-8500-2400-30617123.html,行业媒体,True
14dbf17507ed,2023年有哪些值得关注的激光打标趋势与创新？,激光,OFweek 激光频道,2023-11,2026-10-10T10:29:25.782587+00:00,75.0,https://laser.ofweek.com/2023-11/ART-8500-2400-30616901.html,行业媒体,True
ea3121989385,禾赛、速腾聚创、图达通半年报横评：规模、利润与第二曲线,产业与资本,OFweek 激光频道,2026-08,2026-10-10T10:29:25.782587+00:00,75.0,https://laser.ofweek.com/2026-08/ART-240001-12003-30700563.html,行业媒体,True
b1858676de4e,自动驾驶汽车如何识别悬空物体？,其他,OFweek 激光频道,2026-04,2026-10-10T10:29:25.782587+00:00,75.0,https://laser.ofweek.com/2026-04/ART-240002-8140-30684214.html,行业媒体,True
8cba50b25046,大族激光500W一体化光纤绿光激光器全球首发！,激光,OFweek 激光频道,2026-09,2026-10-10T10:29:25.782587+00:00,75.0,https://laser.ofweek.com/2026-09/ART-8100-2400-30702788.html,行业媒体,True
b3f8f539b0c6,"深蓝L06,激光雷达+磁流变悬架,身价上涨?",激光,搜狗微信·光电行业 · 车动态,2026-10-10T09:40:09+00:00,2026-10-10T10:29:25.782587+00:00,75.0,https://weixin.sogou.com/link?url=dn9a_-gY295K0Rci_xozVXfdMkSQTLW6cwJThYulHEtVjXrGTiVgS_Tqzsx9GsZgnM9ADH1ztH_N_eLDhkV10lqXa8Fplpd9tSEQkkMSRzHVbpizN-kkNNmaysbuRDWlUTSNg6Ycvxk3vE2z9Mdk28UKKkPlPCQhaGiOiEYtk7cTbmtVWKJqySOsfnj8MytJjFF-M5DR-TAk7osZbKfSbhipOeegKjGtuWiQBOF-x2AY8umiO82VDcvxIDcx9B6YJ2tpqgr-HJJ535pjGOOjYg..&amp;type=2&amp;query=%E6%BF%80%E5%85%89%E9%9B%B7%E8%BE%BE&amp;token=F33215D78D82429CA7AEFADE47A383C7A88074A96ACA1380,媒体,True
41f6d539c780,"14.99万起,华为智驾+800V+激光雷达,深蓝S07凭什么这么狠?",激光,搜狗微信·光电行业 · Kj研究日常,2026-10-10T06:41:57+00:00,2026-10-10T10:29:25.782587+00:00,74.9,https://weixin.sogou.com/link?url=dn9a_-gY295K0Rci_xozVXfdMkSQTLW6cwJThYulHEtVjXrGTiVgS_Tqzsx9GsZgnM9ADH1ztH_N_eLDhkV10lqXa8Fplpd9EExJxL-jummn_Ju1znwZqROtGFM_nPeSLvaanZM-1tV1p7ZG6A5EyyLzQaiW9TaHVBGI45Hhybx-3HiIiaN_L8c4hBCOoNb7tuXTs4vKNNaghLLtA-jSx36MN3hDV-y3CHIRQ6aza5bkwSsvclPuXCf3gXh75VTvExP2CWNzEATdrgozfSg6bw..&amp;type=2&amp;query=%E6%BF%80%E5%85%89%E9%9B%B7%E8%BE%BE&amp;token=F33215D78D82429CA7AEFADE47A383C7A88074A96ACA1380,媒体,True
32315cc15394,"13万出头带激光雷达,深蓝S05凭啥让比亚迪都得正视?",激光,搜狗微信·光电行业 · 百马白马,2026-10-10T08:48:45+00:00,2026-10-10T10:29:25.782587+00:00,74.9,https://weixin.sogou.com/link?url=dn9a_-gY295K0Rci_xozVXfdMkSQTLW6cwJThYulHEtVjXrGTiVgS_Tqzsx9GsZgnM9ADH1ztH_N_eLDhkV10lqXa8Fplpd9v8t-ctMd4ASpgYqsqKg-8WF1gTSGzoRufmhHR46XW3iaeSm6gBpoNJrqlxCnTDhj9PxBlH3E8FfaJsuqSYzVP4GcWmRRqtK0KVbXoepXcYLuumxyE_vtAZ2KCspiVQfm9EhOafmCzjWF9u4UrBZZsEPmbOOmDV_2ZidDMoJzv2ZhlgeRt7bSzA..&amp;type=2&amp;query=%E6%BF%80%E5%85%89%E9%9B%B7%E8%BE%BE&amp;token=F33215D78D82429CA7AEFADE47A383C7A88074A96ACA1380,媒体,True
19f08660ce3b,"13万出头就带激光雷达?深蓝S05把高阶智驾门槛拉低,销量猛涨近16%",激光,搜狗微信·光电行业 · 时世旅行官,2026-10-10T07:29:30+00:00,2026-10-10T10:29:25.782587+00:00,74.9,https://weixin.sogou.com/link?url=dn9a_-gY295K0Rci_xozVXfdMkSQTLW6cwJThYulHEtVjXrGTiVgS_Tqzsx9GsZgnM9ADH1ztH_N_eLDhkV10lqXa8Fplpd9XnM83z_SQfIGhdAlYybcN7YUedxloHefRblWPFz28pkjLVEtqr9V-EqsQNwW1AQsgy9LP5qZtqmq9SHYus8z8C9MoiGB7ZBadC52HjbKWQLJe7Z8cv3XxUbkTXUKlMj8AUXuJqmaeyQDCY-_k1fI24V80MzLN527f2BhZlT-VgHYl_Q5RRZQjg..&amp;type=2&amp;query=%E6%BF%80%E5%85%89%E9%9B%B7%E8%BE%BE&amp;token=F33215D78D82429CA7AEFADE47A383C7A88074A96ACA1380,媒体,True
44a244fdf5f4,友达光电公布9月营收,产业与资本,LEDinside 中文,2026-10-09,2026-10-10T10:29:25.782587+00:00,73.8,https://www.ledinside.cn/fsa/20261009-62736.html,行业媒体,True
ffd8467f6115,TrendForce：六大主要厂商布局VCSEL NPO，2031年VCSEL市场上看6.5亿颗,光电芯片与半导体,LEDinside 中文,2026-10-08,2026-10-10T10:29:25.782587+00:00,73.0,https://www.ledinside.cn/research/20261008-62722.html,行业媒体,True
b4f8a55dbdad,苹果、亚马逊成功在英国驳回4.94 亿英镑合谋诉讼,其他,C114中国通信网_IT资讯,,2026-10-10T10:29:25.782587+00:00,72.5,https://www.c114.com.cn/news/213/a1282089.html,行业媒体,True
0c70cafd7ddb,苹果税惹麻烦：苹果在英国面临15亿英镑集体诉讼,其他,C114中国通信网_IT资讯,,2026-10-10T10:29:25.782587+00:00,72.5,https://www.c114.com.cn/news/213/a1281942.html,行业媒体,True
fe989b874cf9,苹果公司在英面临15亿英镑司法索赔，被指在App Store收费“过高且不公平”,其他,C114中国通信网_IT资讯,,2026-10-10T10:29:25.782587+00:00,72.5,https://www.c114.com.cn/news/213/a1281915.html,行业媒体,True
6ad3f26ed0d6,工信部部署2026年信息通信业安全生产与网络运行安全工作,通信与算力,C114中国通信网_监管,,2026-10-10T10:29:25.782587+00:00,72.5,https://www.c114.com.cn/news/550/a1307461.html,行业媒体,True
6876e7b26133,工信部召开2026年信息通信业行风建设暨纠风工作会议,通信与算力,C114中国通信网_监管,,2026-10-10T10:29:25.782587+00:00,72.5,https://www.c114.com.cn/news/550/a1306739.html,行业媒体,True
b498db545593,[News] iReach Raises US$10.8 Million to Expand High-Speed Optical Communications Business,其他,LEDinside 英文,2026-10-07T22:50:39+00:00,2026-10-10T10:29:25.782587+00:00,70.4,//www.ledinside.com/news/2026/10/2026_10_08_02,行业媒体,True
82ab57898135,[News] Avicena Raises $10 Million from Intervest,其他,LEDinside 英文,2026-10-07T14:58:54+00:00,2026-10-10T10:29:25.782587+00:00,70.2,//www.ledinside.com/news/2026/10/2026_10_08_04,行业媒体,True
961618dd236c,起底中国移动自主品牌手机联姻YunOS：必然性、想象空间与数字化领先战略,产业与资本,C114中国通信网_要闻精选,,2026-10-10T10:29:25.782587+00:00,70.0,http://www.c114.net/news/51/a997658.html,行业媒体,True
70fe2a5669f5,推进光纤入户 工信部联合住建部解决”最后一公里”问题,光通信,C114中国通信网_要闻精选,,2026-10-10T10:29:25.782587+00:00,70.0,http://www.c114.net/news/549/a997513.html,行业媒体,True
bdd68db052d5,Juniper今年发力电信市场：重振国内运营商业务,通信与算力,C114中国通信网_要闻精选,,2026-10-10T10:29:25.782587+00:00,70.0,http://www.c114.net/news/16/a997327.html,行业媒体,True
5fad4653f5a5,超260个云项目背后：华为助力运营商建好云、用好云、管好云,通信与算力,C114中国通信网_要闻精选,,2026-10-10T10:29:25.782587+00:00,70.0,http://www.c114.net/news/126/a997279.html,行业媒体,True
9b51ac7dc097,北京移动创新产品服务体系：“司马大数据”今年营收有望过亿,产业与资本,C114中国通信网_要闻精选,,2026-10-10T10:29:25.782587+00:00,70.0,http://www.c114.net/news/80/a997274.html,行业媒体,True
64b10895e055,中国移动智能家庭网关设备集采：上海贝尔获得50%份额,通信与算力,C114中国通信网_要闻精选,,2026-10-10T10:29:25.782587+00:00,70.0,http://www.c114.net/news/118/a997270.html,行业媒体,True
ee47b53cd69f,中兴许明解读有线五大亮点：大带宽有大机遇,其他,C114中国通信网_要闻精选,,2026-10-10T10:29:25.782587+00:00,70.0,http://www.c114.net/news/127/a996901.html,行业媒体,True
b76f4fc8ef8c,徐直军详解视频驱动力与挑战：华为助力运营商淘金万亿级新市场,通信与算力,C114中国通信网_要闻精选,,2026-10-10T10:29:25.782587+00:00,70.0,http://www.c114.net/news/126/a996989.html,行业媒体,True
5125bef748c8,京东发布2016年财报:营收达2602亿元 同比增44%,产业与资本,C114中国通信网_要闻精选,,2026-10-10T10:29:25.782587+00:00,70.0,http://www.c114.net/news/123/a996930.html,行业媒体,True
6a6754079fb1,百度承认旗下hao123暗藏恶意代码：向用户道歉 已清除,其他,C114中国通信网_要闻精选,,2026-10-10T10:29:25.782587+00:00,70.0,http://www.c114.net/news/52/a997070.html,行业媒体,True
b248826237ae,联想业绩下滑7成 16亿再卖楼：确能提亮财报,产业与资本,C114中国通信网_要闻精选,,2026-10-10T10:29:25.782587+00:00,70.0,http://www.c114.net/news/209/a996971.html,行业媒体,True
e72a5dd0fcce,中国联通与德国电信携手发展物联网 建立战略合作伙伴关系,产业与资本,C114中国通信网_要闻精选,,2026-10-10T10:29:25.782587+00:00,70.0,http://www.c114.net/news/119/a996667.html,行业媒体,True
20102d2e117d,有方科技上半年营收同比减少42.04% 净利润同比增长17.36%,产业与资本,C114中国通信网_通信财经,,2026-10-10T10:29:25.782587+00:00,70.0,https://www.c114.com.cn/news/123/a1316604.html,行业媒体,True
9a37438ff099,美格智能上半年净利润同比增长25.85% Q2单季营收破10亿元创历史新高,产业与资本,C114中国通信网_通信财经,,2026-10-10T10:29:25.782587+00:00,70.0,https://www.c114.com.cn/news/123/a1316599.html,行业媒体,True
1a719f4fbbb9,英伟达第二财季营收962.21亿美元 同比增长106%,产业与资本,C114中国通信网_通信财经,,2026-10-10T10:29:25.782587+00:00,70.0,https://www.c114.com.cn/news/123/a1316425.html,行业媒体,True
3abfcc867b84,通宇通讯上半年营收5.82亿元同比增长9.32% 海外收入占比超五成,产业与资本,C114中国通信网_通信财经,,2026-10-10T10:29:25.782587+00:00,70.0,https://www.c114.com.cn/news/123/a1316361.html,行业媒体,True
af5336fadb47,海能达上半年实现营收22.62亿元 同比增长0.11%,产业与资本,C114中国通信网_通信财经,,2026-10-10T10:29:25.782587+00:00,70.0,https://www.c114.com.cn/news/123/a1316264.html,行业媒体,True
e3322ef85052,新易盛上半年营收209.1亿元，同比增长100.34%,产业与资本,C114中国通信网_通信财经,,2026-10-10T10:29:25.782587+00:00,70.0,https://www.c114.com.cn/news/123/a1316262.html,行业媒体,True
066d2f585bb5,长飞上半年净利润29.25亿元，同比增长888.88%,产业与资本,C114中国通信网_通信财经,,2026-10-10T10:29:25.782587+00:00,70.0,https://www.c114.com.cn/news/123/a1316188.html,行业媒体,True
37e520252c2b,东山精密上半年光模块业务收入53.51亿元，占营收比19.25%,光通信,C114中国通信网_通信财经,,2026-10-10T10:29:25.782587+00:00,70.0,https://www.c114.com.cn/news/123/a1316159.html,行业媒体,True
1b011e896156,宇树科技计划登陆科创板 中国移动已投资,产业与资本,C114中国通信网_IT资讯,,2026-10-10T10:29:25.782587+00:00,70.0,https://www.c114.com.cn/news/212/a1292374.html,行业媒体,True
f7ede13e59ff,欧盟否认重新评估对美国科技巨头调查，但未来走向不明,其他,C114中国通信网_IT资讯,,2026-10-10T10:29:25.782587+00:00,70.0,https://www.c114.com.cn/news/213/a1281998.html,行业媒体,True
8bdd52947a4b,欧盟将重新评估针对苹果、Meta和谷歌等科技巨头的调查,其他,C114中国通信网_IT资讯,,2026-10-10T10:29:25.782587+00:00,70.0,https://www.c114.com.cn/news/213/a1281972.html,行业媒体,True
888acce33b11,全国首个！内蒙古移动携手华为完成露天矿山场景5G-A千兆上行验证,通信与算力,C114中国通信网_设备商,,2026-10-10T10:29:25.782587+00:00,70.0,https://www.c114.com.cn/news/126/a1318097.html,行业媒体,True
46ea9f82f6fc,华为梁策：迈向全面智能化，拥抱AI新时代,通信与算力,C114中国通信网_设备商,,2026-10-10T10:29:25.782587+00:00,70.0,https://www.c114.com.cn/news/126/a1318081.html,行业媒体,True
f5dc738d0baa,山东大学携手华为发布校园L4自智网络联合创新成果，重构高校教育数智化底座,产业与资本,C114中国通信网_设备商,,2026-10-10T10:29:25.782587+00:00,70.0,https://www.c114.com.cn/news/126/a1318060.html,行业媒体,True
4dc82f326afb,以开放之云，重塑Agentic AI开发新范式,通信与算力,C114中国通信网_设备商,,2026-10-10T10:29:25.782587+00:00,70.0,https://www.c114.com.cn/news/126/a1318037.html,行业媒体,True
1676fd1a82c1,华为2026全球HCIE之夜： 赢自认证 智启新未来,其他,C114中国通信网_设备商,,2026-10-10T10:29:25.782587+00:00,70.0,https://www.c114.com.cn/news/126/a1318035.html,行业媒体,True
c2ef942d2201,智汇邕城 AI共生 | 中兴通讯亮相第23届中国-东盟博览会,产业与资本,C114中国通信网_设备商,,2026-10-10T10:29:25.782587+00:00,70.0,https://www.c114.com.cn/news/127/a1318031.html,行业媒体,True
f8acb727c333,华为与多家伙伴签署联合创新MOU，推进iMasterCloud伙伴合作新篇章,产业与资本,C114中国通信网_设备商,,2026-10-10T10:29:25.782587+00:00,70.0,https://www.c114.com.cn/news/126/a1318008.html,行业媒体,True
3c11758a4ed0,锚定AI规模化落地需求，华为携手安永发布《先进数据存力白皮书》,产业与资本,C114中国通信网_设备商,,2026-10-10T10:29:25.782587+00:00,70.0,https://www.c114.com.cn/news/126/a1318006.html,行业媒体,True
b4c03c64e633,华为发布《迈向智能世界白皮书2026-智能体@AEI》,产业与资本,C114中国通信网_设备商,,2026-10-10T10:29:25.782587+00:00,70.0,https://www.c114.com.cn/news/126/a1318002.html,行业媒体,True
815315f60c8e,首款鸿蒙台式机亮相华为全连接大会 满足政企办公的多元需求,产业与资本,C114中国通信网_设备商,,2026-10-10T10:29:25.782587+00:00,70.0,https://www.c114.com.cn/news/126/a1318000.html,行业媒体,True
65e7441d34fd,华为擎云亮相第23届东博会人工智能展，以AI赋能数智化转型,产业与资本,C114中国通信网_设备商,,2026-10-10T10:29:25.782587+00:00,70.0,https://www.c114.com.cn/news/126/a1317998.html,行业媒体,True
e8ab3e31f41e,鲲鹏超节点重磅升级，风冷、液冷双旗舰全新亮相,产业与资本,C114中国通信网_设备商,,2026-10-10T10:29:25.782587+00:00,70.0,https://www.c114.com.cn/news/126/a1317964.html,行业媒体,True
c07a5116421d,精密光纤激光器企业频准激光登陆科创板,激光,COEMA 中国光电子行业协会,2026-08,2026-10-10T10:29:25.782587+00:00,70.0,https://www.coema.org.cn/industry/202608/5795.html,行业媒体,True
c7590757101a,工业和信息化部举行“第32次亚太经合组织（APEC）中小企业部长会议新闻通气会”,其他,工信部要闻,,2026-10-10T10:29:25.782587+00:00,70.0,http://www.miit.gov.cn/xwfb/bldhd/art/2026/art_0c0a3ae10f1b41d88813ab3ad5f6df54.html,媒体,True
dd9879b8c862,2026年亚太经合组织（APEC）数字和人工智能部长会议新闻发布会在成都召开,产业与资本,工信部要闻,,2026-10-10T10:29:25.782587+00:00,70.0,http://www.miit.gov.cn/xwfb/bldhd/art/2026/art_d109e2b6dc4844cc902a1f6f49712f67.html,媒体,True
81367ffab673,中国代表团完成国际电信联盟无线电通信部门第六研究组会议参会任务,科研进展,工信部要闻,,2026-10-10T10:29:25.782587+00:00,70.0,https://www.miit.gov.cn/xwfb/gxdt/sjdt/art/2026/art_33bc9673f91945ca9a6c85e3cf62e6bc.html,媒体,True
bc74bd20bb8f,中国代表团完成国际电信联盟无线电通信部门第七研究组会议参会任务,科研进展,工信部要闻,,2026-10-10T10:29:25.782587+00:00,70.0,https://www.miit.gov.cn/xwfb/gxdt/sjdt/art/2026/art_0fe9e00f19604613915aefa430864f6d.html,媒体,True
d839d28d8e2e,"[News] CIOE 2026 Highlights: Accelink, Eoptolink, TFC and 40+ Suppliers Demonstrated Latest Advances in Optical Communications",其他,LEDinside 英文,2026-10-07T02:32:32+00:00,2026-10-10T10:29:25.782587+00:00,69.7,//www.ledinside.com/news/2026/10/2026_10_08_01,行业媒体,True
c2539df9e074,一周热点：惠科MLED基地年底试产，艾比森、诺瓦星云拿地,产业与资本,LEDinside 中文,2026-10-10,2026-10-10T10:29:25.782587+00:00,69.6,https://www.ledinside.cn/news/20261010-62753.html,行业媒体,True
f7d818edb45d,Kopin再获1860万美元项目资金，加码全彩MicroLED微显示,显示与面板,LEDinside 中文,2026-10-10,2026-10-10T10:29:25.782587+00:00,69.6,https://www.ledinside.cn/news/20261010-62754.html,行业媒体,True
81c32af0feec,再融超10亿，鲲游光电冲刺12英寸晶圆级光学量产,光电芯片与半导体,LEDinside 中文,2026-10-10,2026-10-10T10:29:25.782587+00:00,69.6,https://www.ledinside.cn/news/20261010-62752.html,行业媒体,True
d6480deaa8b8,iPhone Duo加单30%,其他,LEDinside 中文,2026-10-10,2026-10-10T10:29:25.782587+00:00,69.6,https://www.ledinside.cn/news/20261010-62751.html,行业媒体,True
d50bb3bec634,京东方发布第四代东方屏,产业与资本,LEDinside 中文,2026-10-10,2026-10-10T10:29:25.782587+00:00,69.6,https://www.ledinside.cn/news/20261010-62750.html,行业媒体,True
a8d47557c4cb,投资100亿，惠科M-LED芯片基地进入机电安装阶段,显示与面板,LEDinside 中文,2026-10-10,2026-10-10T10:29:25.782587+00:00,69.6,https://www.ledinside.cn/news/20261010-62749.html,行业媒体,True
794c035e73ce,IPO上会倒计时，羲禾科技18亿押注硅光集成,光通信,LEDinside 中文,2026-10-10,2026-10-10T10:29:25.782587+00:00,69.6,https://www.ledinside.cn/news/20261010-62748.html,行业媒体,True
7c8cd05474b5,国显科技发布4.1英寸AR-HUD专用MiniLED PGU模组,显示与面板,LEDinside 中文,2026-10-10,2026-10-10T10:29:25.782587+00:00,69.6,https://www.ledinside.cn/news/20261010-62746.html,行业媒体,True
eee3f4e94296,总投资10亿元，韶光芯材光掩模基板基地冲刺12月投产,光电芯片与半导体,LEDinside 中文,2026-10-10,2026-10-10T10:29:25.782587+00:00,69.6,https://www.ledinside.cn/news/20261010-62747.html,行业媒体,True
42884be617a5,玻璃基MLED再提速，京东方、雷曼、沃格、海极齐发力,其他,LEDinside 中文,2026-10-10,2026-10-10T10:29:25.782587+00:00,69.6,https://www.ledinside.cn/news/20261010-62743.html,行业媒体,True
07a21b5e7b63,LED显示屏毛利率提升，艾比森前三季度净利润预增超30%,显示与面板,LEDinside 中文,2026-10-10,2026-10-10T10:29:25.782587+00:00,69.6,https://www.ledinside.cn/fsa/20261010-62742.html,行业媒体,True
f3b877d59b3d,Phase control of interfering stimulated Raman pathways in the XUV regime,科研进展,Nature Photonics,2026-10-09T00:00:00+00:00,2026-10-10T10:29:25.782587+00:00,68.8,https://www.nature.com/articles/s41566-026-02024-9,科研,True
881334862d43,High-entropy molecular contacts enable high-efficiency and stable perovskite solar cells,光伏与新能源,Nature Photonics,2026-10-09T00:00:00+00:00,2026-10-10T10:29:25.782587+00:00,68.8,https://www.nature.com/articles/s41566-026-02028-5,科研,True
87677d3ddcff,成本压力转向需求端，2027年笔记本市场或面临出货、价格双重影响,其他,LEDinside 中文,2026-10-08,2026-10-10T10:29:25.782587+00:00,68.0,https://www.ledinside.cn/research/20261008-62730.html,行业媒体,True
306086972d60,"[Insight] Six Leading Suppliers Bet on VCSEL NPO; VCSEL Demand Projected to Reach 650 Million Units by 2031, Says TrendForce",光电芯片与半导体,LEDinside 英文,2026-10-07T15:36:14+00:00,2026-10-10T10:29:25.782587+00:00,67.7,//www.ledinside.com/intelligence/2026/10/2026_10_08_08,行业媒体,True
d71235bc5bea,"[News] Daktronics Launches Galaxy G7, Redefining the Future of Outdoor Digital Signage",其他,LEDinside 英文,2026-10-07T00:23:11+00:00,2026-10-10T10:29:25.782587+00:00,67.1,//www.ledinside.com/news/2026/10/2026_10_07_02,行业媒体,True
6c021b2fe429,One super sensor from many,光传感与激光雷达,Nature Photonics,2026-09-30T00:00:00+00:00,2026-10-10T10:29:25.782587+00:00,66.3,https://www.nature.com/articles/s41566-026-01994-0,科研,True
7327204096fd,[News] Virginia Tech Transforms Game-Day Experience with New Daktronics LED Display and Audio Solutions,显示与面板,LEDinside 英文,2026-10-05T15:51:56+00:00,2026-10-10T10:29:25.782587+00:00,66.0,//www.ledinside.com/news/2026/10/2026_10_06_06,行业媒体,True
f84716670e3c,关键节点！维信诺合肥8.6代AMOLED产线转入设备调试阶段,显示与面板,C114中国通信网_IT资讯,,2026-10-10T10:29:25.782587+00:00,65.0,https://www.c114.com.cn/news/211/a1307762.html,行业媒体,True
3a78f7d71dfb,芯科科技推出智能开发工具Simplicity Ecosystem软件开发套件开启物联网开发的新高度,产业与资本,C114中国通信网_IT资讯,,2026-10-10T10:29:25.782587+00:00,65.0,https://www.c114.com.cn/news/211/a1299264.html,行业媒体,True
abf98af3d171,英特尔代工获微软下一代AI芯片订单，将采用18A工艺,光电芯片与半导体,C114中国通信网_IT资讯,,2026-10-10T10:29:25.782587+00:00,65.0,https://www.c114.com.cn/news/211/a1298974.html,行业媒体,True
5db61d7aaa75,新思科技获准向是德科技出售光学解决方案部门,光学元件与成像,C114中国通信网_IT资讯,,2026-10-10T10:29:25.782587+00:00,65.0,https://www.c114.com.cn/news/212/a1298390.html,行业媒体,True
55a1cf2e027d,零碳算力：AI时代数据中心行业的绿色转型与系统性能源革命,光通信,C114中国通信网_IT资讯,,2026-10-10T10:29:25.782587+00:00,65.0,https://www.c114.com.cn/news/212/a1298294.html,行业媒体,True
00975cdf99df,Allegro MicroSystems 携新型 XtremeSense TMR 电流传感器亮相慕尼黑上海电子展,光传感与激光雷达,C114中国通信网_IT资讯,,2026-10-10T10:29:25.782587+00:00,65.0,https://www.c114.com.cn/news/212/a1287354.html,行业媒体,True
045f3c0a18ad,Allegro 扩展其电机控制和热管理解决方案，满足日益增长的电动汽车和自动化市场,其他,C114中国通信网_IT资讯,,2026-10-10T10:29:25.782587+00:00,65.0,https://www.c114.com.cn/news/212/a1287353.html,行业媒体,True
e42248a59ec7,微软遭法国反垄断调查：向小型搜索引擎提供必应技术时故意降低搜索结果质量,其他,C114中国通信网_IT资讯,,2026-10-10T10:29:25.782587+00:00,65.0,https://www.c114.com.cn/news/213/a1283012.html,行业媒体,True
dbe7910cfd25,Meta启动千人裁员计划，腾出空间招揽“最顶尖”人才,其他,C114中国通信网_IT资讯,,2026-10-10T10:29:25.782587+00:00,65.0,https://www.c114.com.cn/news/213/a1283011.html,行业媒体,True
88c8fb6764b6,为避免欧盟反垄断罚款，消息称微软“捆绑 Team 版 Office”将进一步涨价,其他,C114中国通信网_IT资讯,,2026-10-10T10:29:25.782587+00:00,65.0,https://www.c114.com.cn/news/213/a1283006.html,行业媒体,True
32dcc3513430,杨元庆：科技企业应打造人人可用、人人受益的“人本智能”,其他,C114中国通信网_IT资讯,,2026-10-10T10:29:25.782587+00:00,65.0,https://www.c114.com.cn/news/211/a1282514.html,行业媒体,True
fdbc74b49bcb,英伟达机器人业务团队到访北京国地中心，双方规划合作事宜,产业与资本,C114中国通信网_IT资讯,,2026-10-10T10:29:25.782587+00:00,65.0,https://www.c114.com.cn/news/212/a1282451.html,行业媒体,True
0b5d527bf4f6,能容纳超100个人形机器人同时训练！全国首个异构人形机器人训练场正式启用,其他,C114中国通信网_IT资讯,,2026-10-10T10:29:25.782587+00:00,65.0,https://www.c114.com.cn/news/211/a1282418.html,行业媒体,True
ddd67d92f7cc,2024 CEIA中国企业IT大奖重磅揭晓 CIO选型权威指南,其他,C114中国通信网_IT资讯,,2026-10-10T10:29:25.782587+00:00,65.0,https://www.c114.com.cn/news/212/a1282341.html,行业媒体,True
21e9f84045b7,工信部向166家外资企业发放经营试点批复 覆盖全部增值电信业务,通信与算力,C114中国通信网_监管,,2026-10-10T10:29:25.782587+00:00,65.0,https://www.c114.com.cn/news/550/a1311651.html,行业媒体,True
bc4c89498c2f,工信部全面推广增值电信业务电子证照,通信与算力,C114中国通信网_监管,,2026-10-10T10:29:25.782587+00:00,65.0,https://www.c114.com.cn/news/550/a1298355.html,行业媒体,True
d734c00b187d,德国投入1.25亿欧元建设三大聚变中心，激光聚变成为重点方向,激光,COEMA 中国光电子行业协会,2026-09,2026-10-10T10:29:25.782587+00:00,65.0,https://www.coema.org.cn/industry/202609/5855.html,行业媒体,True
a7998653a32e,2026年8月中国学习平板线上市场：量额深度回落；前四品牌市占率超,产业与资本,COEMA 中国光电子行业协会,2026-09,2026-10-10T10:29:25.782587+00:00,65.0,https://www.coema.org.cn/industry/202609/5853.html,行业媒体,True
aba3489be81e,DUV光刻机也能造3nm芯片！中科院GAA晶体管重大突破：绕开EUV光刻,光电芯片与半导体,COEMA 中国光电子行业协会,2026-09,2026-10-10T10:29:25.782587+00:00,65.0,https://www.coema.org.cn/industry/202609/5846.html,行业媒体,True
5f13322a58d3,国产算力新秀，被溢价821%收购！,产业与资本,COEMA 中国光电子行业协会,2026-09,2026-10-10T10:29:25.782587+00:00,65.0,https://www.coema.org.cn/industry/202609/5844.html,行业媒体,True
fcb2c7431bbe,玻璃基板突围！彩虹股份1.4亿跨界半导体,光电芯片与半导体,COEMA 中国光电子行业协会,2026-09,2026-10-10T10:29:25.782587+00:00,65.0,https://www.coema.org.cn/industry/202609/5843.html,行业媒体,True
1c6ef901f028,11所建所七十周年 重磅亮相光博会,产业与资本,COEMA 中国光电子行业协会,2026-09,2026-10-10T10:29:25.782587+00:00,65.0,https://www.coema.org.cn/industry/202609/5831.html,行业媒体,True
0df074e40ae0,国科光芯完成数亿元B＋轮融资！,产业与资本,COEMA 中国光电子行业协会,2026-09,2026-10-10T10:29:25.782587+00:00,65.0,https://www.coema.org.cn/industry/202609/5827.html,行业媒体,True
700a39d1d99c,国新办举行国务院政策例行吹风会 介绍加强中小企业回款难问题治理有关工作情况,产业与资本,工信部要闻,,2026-10-10T10:29:25.782587+00:00,65.0,http://www.miit.gov.cn/xwfb/bldhd/art/2026/art_7285ee48244d4f20b0f127c7f013ec11.html,媒体,True
819002fda096,工业和信息化部举行升国旗仪式 庆祝中华人民共和国成立77周年,其他,工信部要闻,,2026-10-10T10:29:25.782587+00:00,65.0,http://www.miit.gov.cn/xwfb/bldhd/art/2026/art_c37cffd9af9a4b3aa6379d153ed83620.html,媒体,True
7341ddca2219,工业和信息化部等四部门组织重点货车、客车、专用车、挂车及摩托车生产企业开展座谈 加强车辆产品安全管理,其他,工信部要闻,,2026-10-10T10:29:25.782587+00:00,65.0,http://www.miit.gov.cn/xwfb/gxdt/sjdt/art/2026/art_8d7302e5e03a4c75b41a5820fd7871ad.html,媒体,True
51ba482799b9,工业和信息化系统国际合作工作座谈会在哈尔滨召开,产业与资本,工信部要闻,,2026-10-10T10:29:25.782587+00:00,65.0,http://www.miit.gov.cn/xwfb/bldhd/art/2026/art_b6f2e487b7a74338aa4999e8fd91ecc2.html,媒体,True
86bafc272b8c,四部门关于开展2026年度享受增值税加计抵减政策的集成电路企业清单制定工作的通知,产业与资本,工信部要闻,,2026-10-10T10:29:25.782587+00:00,65.0,http://www.miit.gov.cn/zwgk/zcwj/wjfb/tz/art/2026/art_7d2e760b4be94217b8f55caec840b30d.html,媒体,True
6fec7455daa6,我国成功发射卫星互联网低轨27组卫星,其他,工信部要闻,,2026-10-10T10:29:25.782587+00:00,65.0,https://www.miit.gov.cn/xwfb/gxdt/sjdt/art/2026/art_6a9b3eb13621415fb1d438e179946e1f.html,媒体,True
99eae574b611,中国与挪威主管部门间第二次卫星网络协调会谈顺利举行,通信与算力,工信部要闻,,2026-10-10T10:29:25.782587+00:00,65.0,https://www.miit.gov.cn/xwfb/gxdt/sjdt/art/2026/art_09ef85a08e03436da18125bdc47e23a9.html,媒体,True
4fc88540ca68,河南通信管理局开展新一代通信网规划建设专题调研,产业与资本,工信部要闻,,2026-10-10T10:29:25.782587+00:00,65.0,https://www.miit.gov.cn/xwfb/gxdt/dfdt/art/2026/art_a39ab8f7fc7d473e8fbd25c33fcd155e.html,媒体,True
d5b537c9a40b,贵州通信管理局召开信息通信业防范治理电信网络诈骗专题会,通信与算力,工信部要闻,,2026-10-10T10:29:25.782587+00:00,65.0,https://www.miit.gov.cn/xwfb/gxdt/dfdt/art/2026/art_e2fff523a7014d7587d3cfdb7fc78b88.html,媒体,True
60e42cd78e58,光模块设备行业行业观点更新,光通信,搜狗微信·光电行业 · 江山V财富人生,2026-10-09T19:06:39+00:00,2026-10-10T10:29:25.782587+00:00,64.5,https://weixin.sogou.com/link?url=dn9a_-gY295K0Rci_xozVXfdMkSQTLW6cwJThYulHEtVjXrGTiVgS_Tqzsx9GsZg-4NHTdN8pYvN_eLDhkV10lqXa8Fplpd9-AvfofUvTAxH9fyfoj8nnmUSszA9X67pdub34fXGwo5jSqUCAxVE7h7yx3RciPbeiJgrN4SdyG3wHMDiO3Z9sRWrNNiwvN8zQLLVFr7tcpWca6pbSD6bGgVBH-ScGgb7J-qicrZlMPfj9noQdIUQoZb0_RsAipqMs7PDW6ogeupFkDr8IT4KYw..&amp;type=2&amp;query=%E5%85%89%E6%A8%A1%E5%9D%97&amp;token=F332037E8D82429CA7AEFADE47A383C7A88074A96ACA137D,媒体,True
767b54d15874,领克、银河超9万辆激光雷达召回:智能车真的买早了吗?,激光,搜狗微信·光电行业 · 幸之助5312,2026-10-09T16:02:10+00:00,2026-10-10T10:29:25.782587+00:00,64.4,https://weixin.sogou.com/link?url=dn9a_-gY295K0Rci_xozVXfdMkSQTLW6cwJThYulHEtVjXrGTiVgS_Tqzsx9GsZgnM9ADH1ztH_N_eLDhkV10lqXa8Fplpd9sFM9ARRU1KDzxdEyMcNmqTLe3-ULMWm4lfieKPRgMoRQ-502MYFixyG1-vQUWmnNAiL9gPiLwTV4H3KgHVCSE7f7F8MtIKVjEQ1LpsXtDjXzCEmzXcNK9C2sGiIJPtaunRoymfkTpMZhMSTF54gtVH8Ns-bPyp1z8rlRLZ5ugXj2CsG6-xMgzQ..&amp;type=2&amp;query=%E6%BF%80%E5%85%89%E9%9B%B7%E8%BE%BE&amp;token=F33215D78D82429CA7AEFADE47A383C7A88074A96ACA1380,媒体,True
ad1245be7efe,展商回顾 | 宽光谱CIS与半导体晶圆检测成像方案引关注，新型光电探测器赋能多行业应用,光电芯片与半导体,CIOE 中国光博会,2026-09-23,2026-10-10T10:29:25.782587+00:00,63.0,https://cioe.cn/news/3036_info.html,行业媒体,True
c9ad721ccee5,[News] FORVIA HELLA Develops 飞檐虎视 Fei Yan Hu Shi Headlamps for Geely Galaxy Xingyao7 MAX,其他,LEDinside 英文,2026-10-07T00:26:10+00:00,2026-10-10T10:29:25.782587+00:00,62.2,//www.ledinside.com/news/2026/10/2026_10_07_03,行业媒体,True
85757f6c22e5,[News] FreFarm Succeeds with In-House Cucumber Propagation Using Philips LEDs,其他,LEDinside 英文,2026-10-07T00:19:26+00:00,2026-10-10T10:29:25.782587+00:00,62.1,//www.ledinside.com/news/2026/10/2026_10_07_01,行业媒体,True
0b554ce97103,SHINE lights up the extremes,科研进展,Nature Photonics,2026-09-30T00:00:00+00:00,2026-10-10T10:29:25.782587+00:00,61.3,https://www.nature.com/articles/s41566-026-02017-8,科研,True
ee430182c790,Time-stretch spectroscopy breaks temporal aliasing barrier,科研进展,Nature Photonics,2026-09-30T00:00:00+00:00,2026-10-10T10:29:25.782587+00:00,61.3,https://www.nature.com/articles/s41566-026-02006-x,科研,True
964480784488,Optomechanics for piconewton force metrology,科研进展,Nature Photonics,2026-09-30T00:00:00+00:00,2026-10-10T10:29:25.782587+00:00,61.3,https://www.nature.com/articles/s41566-026-02011-0,科研,True
059410233cdb,[News] Ouster Partners with Seneca to Advance Autonomous Drone Technology for Wildfire Response Operations,其他,LEDinside 英文,2026-10-05T23:48:03+00:00,2026-10-10T10:29:25.782587+00:00,61.3,//www.ledinside.com/news/2026/10/2026_10_06_05,行业媒体,True
d5aad1e97a2a,TrendForce：2026年MiniLED背光电视出货量有望达2500万台,显示与面板,LEDinside 中文,2026-09-30,2026-10-10T10:29:25.782587+00:00,61.3,https://www.ledinside.cn/research/20260930-62707.html,行业媒体,True
f7e70094952f,全新出刊丨2027全球LED显示屏市场展望与价格成本分析,显示与面板,LEDinside 中文,2026-09-29,2026-10-10T10:29:25.782587+00:00,60.5,https://www.ledinside.cn/research/20260929-62697.html,行业媒体,True
026e0ccff28b,深天马独家供应OLED屏，荣耀推出Magic9标准版手机,显示与面板,LEDinside 中文,2026-09-29,2026-10-10T10:29:25.782587+00:00,60.5,https://www.ledinside.cn/products/20260929-62687.html,行业媒体,True
d7c43905d807,京东方发布全球最薄玻璃基MicroLED显示屏,显示与面板,LEDinside 中文,2026-09-23,2026-10-10T10:29:25.782587+00:00,60.5,https://www.ledinside.cn/products/20260923-62623.html,行业媒体,True
92a1c7232444,Gravity and light reveal how liquids turn into thin fibers,科研进展,Phys.org 物理新闻,,2026-10-10T10:29:25.782587+00:00,60.0,https://phys.org/news/2026-10-gravity-reveal-liquids-thin-fibers.html,科研,True
341e7f2e7b4f,Levitating glass sphere becomes entangled with light at room temperature,科研进展,Phys.org 物理新闻,,2026-10-10T10:29:25.782587+00:00,60.0,https://phys.org/news/2026-10-levitating-glass-sphere-entangled-room.html,科研,True
4005ae721c7e,国际海缆韧性咨询机构召开全体会议,光通信,C114中国通信网_监管,,2026-10-10T10:29:25.782587+00:00,60.0,https://www.c114.com.cn/news/550/a1313802.html,行业媒体,True
3254a8921095,工信部：开展6G创新发展部省协同试点专项行动,通信与算力,C114中国通信网_监管,,2026-10-10T10:29:25.782587+00:00,60.0,https://www.c114.com.cn/news/550/a1311673.html,行业媒体,True
e01b3a192ae9,工信部批准5G消息互通标准,产业与资本,C114中国通信网_监管,,2026-10-10T10:29:25.782587+00:00,60.0,https://www.c114.com.cn/news/550/a1306799.html,行业媒体,True
e29613412022,四部门：推动科技保险高质量发展 在人工智能、集成电路、量子科技等领域开发专属产品,科研进展,C114中国通信网_监管,,2026-10-10T10:29:25.782587+00:00,60.0,https://www.c114.com.cn/news/550/a1306716.html,行业媒体,True
f063fbb430d5,工信部许可两款L3级自动驾驶车型产品,其他,C114中国通信网_监管,,2026-10-10T10:29:25.782587+00:00,60.0,https://www.c114.com.cn/news/550/a1302301.html,行业媒体,True
270f5213ae90,工信部召开务虚会 研究谋划“十五五”及开局之年工作：以综合整治“内卷式”竞争为重点,科研进展,C114中国通信网_监管,,2026-10-10T10:29:25.782587+00:00,60.0,https://www.c114.com.cn/news/550/a1301811.html,行业媒体,True
d968f50fa074,工信部筹建量子信息标准化技术委员会,科研进展,C114中国通信网_监管,,2026-10-10T10:29:25.782587+00:00,60.0,https://www.c114.com.cn/news/550/a1301809.html,行业媒体,True
0dace465f295,工信部：将组织开展为期两年的卫星物联网业务商用试验,其他,C114中国通信网_监管,,2026-10-10T10:29:25.782587+00:00,60.0,https://www.c114.com.cn/news/550/a1298358.html,行业媒体,True
95b98bb55c52,两部门发布云计算新规：到2027年新制定相关标准30项以上,产业与资本,C114中国通信网_监管,,2026-10-10T10:29:25.782587+00:00,60.0,https://www.c114.com.cn/news/550/a1298271.html,行业媒体,True
74628b26cbbe,深圳市出台实施细则 扶持低空经济发展,其他,C114中国通信网_监管,,2026-10-10T10:29:25.782587+00:00,60.0,https://www.c114.com.cn/news/550/a1298153.html,行业媒体,True
d94a0d0b7963,Global-shutter sensor raises pixel density,光传感与激光雷达,EDN 电子工程专辑,2026-10-07T19:02:32+00:00,2026-10-10T10:29:25.782587+00:00,57.8,https://www.edn.com/global-shutter-sensor-raises-pixel-density/,媒体,False
296ecf8f9334,双目全彩Micro LED AR眼镜Skynea发布,显示与面板,LEDinside 中文,2026-09-24,2026-10-10T10:29:25.782587+00:00,56.3,https://www.ledinside.cn/products/20260924-62639.html,行业媒体,False
7028595c2b36,展会回顾丨交大集成电路学院校友会参访CIOE 2026记实,产业与资本,CIOE 中国光博会,2026-09-24,2026-10-10T10:29:25.782587+00:00,56.3,https://cioe.cn/news/3034_info.html,行业媒体,False
45c94d832f08,会议回顾 | MicroLED CPO大会直击，产业进入商业化落地关键窗口期,光通信,CIOE 中国光博会,2026-09-23,2026-10-10T10:29:25.782587+00:00,55.5,https://cioe.cn/news/3037_info.html,行业媒体,False
5c0d8ba5a592,嘉宾观点 | 中国电信李俊杰：新一代光网络围绕“新媒介、新系统、新管控”体系化演进,光通信,CIOE 中国光博会,2026-09-23,2026-10-10T10:29:25.782587+00:00,55.5,https://cioe.cn/news/3035_info.html,行业媒体,False
a152c8cdc5d4,Three quantum-inspired cores leave opposite fingerprints on the ringing of black holes,科研进展,Phys.org 物理新闻,,2026-10-10T10:29:25.782587+00:00,55.0,https://phys.org/news/2026-10-quantum-cores-fingerprints-black-holes.html,科研,False
25314352271e,Lensless imaging method enables long-term monitoring of living cells without staining,光学元件与成像,Phys.org 物理新闻,,2026-10-10T10:29:25.782587+00:00,55.0,https://phys.org/news/2026-10-lensless-imaging-method-enables-term.html,科研,False
9daaa2c85fab,How researchers tell different quantum excitations apart in individual molecules,科研进展,Phys.org 物理新闻,,2026-10-10T10:29:25.782587+00:00,55.0,https://phys.org/news/2026-10-quantum-individual-molecules.html,科研,False
0ca044923bb3,First observation of quantum spins shifting a centimeter-scale object in the lab,科研进展,Phys.org 物理新闻,,2026-10-10T10:29:25.782587+00:00,55.0,https://phys.org/news/2026-10-quantum-shifting-centimeter-scale-lab.html,科研,False
0601e8acb964,Quantum computing shortcut makes particle collisions easier to simulate,科研进展,Phys.org 物理新闻,,2026-10-10T10:29:25.782587+00:00,55.0,https://phys.org/news/2026-10-quantum-shortcut-particle-collisions-easier.html,科研,False
802fc28d767b,嘉宾观点 | Omdia分析师：AI算力互联驱动光网络市场创下25年来历史新高,光通信,CIOE 中国光博会,2026-09-22,2026-10-10T10:29:25.782587+00:00,54.6,https://cioe.cn/news/3032_info.html,行业媒体,False
ccaebff3c803,展商回顾｜Micro-LED微显示与光互联双轮驱动，镭昱加速多元应用落地,光通信,CIOE 中国光博会,2026-09-22,2026-10-10T10:29:25.782587+00:00,54.6,https://cioe.cn/news/3031_info.html,行业媒体,False
b794934660db,展商回顾 | 赛富乐斯「量子黑晶」产品发布，解锁深邃黑境显示新体验,显示与面板,CIOE 中国光博会,2026-09-20,2026-10-10T10:29:25.782587+00:00,53.0,https://cioe.cn/news/3027_info.html,行业媒体,False
4f714797a13e,晶湛半导体MicroLED光通信技术取得新突破,光通信,LEDinside 中文,2026-06-17,2026-10-10T10:29:25.782587+00:00,52.5,https://www.ledinside.cn/knowledge/20260617-61902.html,行业媒体,False
0f4dc2038cfc,光电前沿 | 从OCS到Micro LED CPO：光学与CIS的新机遇,光通信,CIOE 中国光博会,2026-07-14,2026-10-10T10:29:25.782587+00:00,52.5,https://cioe.cn/news/2918_info.html,行业媒体,False
31de77d0e0d2,展商回顾 | BEZ资讯丨电子城IC/PIC创新中心亮相中国光博会,产业与资本,CIOE 中国光博会,2026-09-18,2026-10-10T10:29:25.782587+00:00,51.3,https://cioe.cn/news/3024_info.html,行业媒体,False
453ea140f3b7,LG发布新一代Micro LED显示屏,显示与面板,LEDinside 中文,2026-09-11,2026-10-10T10:29:25.782587+00:00,50.5,https://www.ledinside.cn/products/20260911-62531.html,行业媒体,False
10d88017bfc6,友达、群创等6家面板厂公布8月营收,显示与面板,LEDinside 中文,2026-09-10,2026-10-10T10:29:25.782587+00:00,50.0,https://www.ledinside.cn/fsa/20260910-62526.html,行业媒体,False
997088ed48ee,IQE上半年业绩超预期，InP光通信需求增长,光通信,LEDinside 中文,2026-09-10,2026-10-10T10:29:25.782587+00:00,45.0,https://www.ledinside.cn/fsa/20260910-62524.html,行业媒体,False
2021123e58a5,山东大学实现单片集成全GaN有源驱动MicroLED显示模块突破,显示与面板,LEDinside 中文,2026-05-09,2026-10-10T10:29:25.782587+00:00,45.0,https://www.ledinside.cn/knowledge/20260509-61624.html,行业媒体,False
b1db9ff36370,韩国团队研发出下一代纯绿色OLED材料,显示与面板,LEDinside 中文,2026-04-20,2026-10-10T10:29:25.782587+00:00,45.0,https://www.ledinside.cn/knowledge/20260420-61494.html,行业媒体,False
6c6aa805f5b1,产业 | 当XR光学重塑终端格局，空间计算和AR眼镜走到了哪一步？,显示与面板,CIOE 中国光博会,2026-08-04,2026-10-10T10:29:25.782587+00:00,45.0,https://cioe.cn/news/2934_info.html,行业媒体,False
5137764e92d9,前沿｜全波硫系模压红外镜头：重塑红外成像成本与性能核心力量,光学元件与成像,CIOE 中国光博会,2026-07-23,2026-10-10T10:29:25.782587+00:00,45.0,https://cioe.cn/news/2921_info.html,行业媒体,False
1bcc8a21142c,前沿 | 利用AI打通超构表面全研发链路，纳境科技推出MetaODA超构表面AI一体化智算平台,光通信,CIOE 中国光博会,2026-07-17,2026-10-10T10:29:25.782587+00:00,45.0,https://cioe.cn/news/2919_info.html,行业媒体,False
